{
  "emps": [
    {
      "id": 6,
      "Name": "Paveen",
      "Age": 21,
      "Gender": "Male",
      "Type": "Permanent",
      "Pancard": "ASDFG4566A"
    },
    {
      "id": 7,
      "Name": "Apur",
      "Age": 21,
      "Gender": "Male",
      "Type": "Contract",
      "Pancard": "ASDFG4566B"
    },
    {
      "id": 8,
      "Name": "Shankar",
      "Age": 21,
      "Gender": "Male",
      "Type": "Permanent",
      "Pancard": "ASDFG4566C"
    },
    {
      "id": 9,
      "Name": "Karuna",
      "Age": 21,
      "Gender": "Male",
      "Type": "Contract",
      "Pancard": "ASDFG4566D"
    },
    {
      "id": 10,
      "Name": "Anjali",
      "Age": 21,
      "Gender": "Male",
      "Type": "Permanent",
      "Pancard": "ASDFG4566E"
    },
    {
      "id": "11",
      "Name": "sss",
      "Age": "222",
      "Pancard": "ASDFG1234A",
      "Gender": "Male",
      "Type": "Permanent"
    },
    {
      "id": "110",
      "Name": "sss",
      "Age": "222",
      "Pancard": "ASDFG1234A",
      "Gender": "Male",
      "Type": "Permanent"
    },
    {
      "id": "113",
      "Name": "Gayatri Arisam",
      "Age": "111",
      "Pancard": "ASDFG1234A",
      "Gender": "Male",
      "Type": "Contract"
    },
    {
      "id": 444,
      "Name": "ff",
      "Age": 44,
      "Pancard": "ASDFG1234A",
      "Gender": "FeMale",
      "Type": "Permanent"
    },
    {
      "id": 666,
      "Name": "33",
      "Age": 33,
      "Pancard": "ASDFG1234A",
      "Gender": "Male",
      "Type": "Permanent"
    },
    {
      "id": 1166,
      "Name": "33",
      "Age": 22,
      "Pancard": "ASDFG1234A",
      "Gender": "FeMale",
      "Type": "Permanent"
    },
    {
      "id": 44,
      "Name": "Gayatri Arisam",
      "Age": 222,
      "Pancard": "ASDFG1234A",
      "Gender": "Male",
      "Type": "Permanent"
    }
  ]
}